question_content,manual_answer,knowledge_context,inital_reasoning
如何解决Maven构建时pl.project13.maven:git-commit-id-plugin插件报'Unknown repository format '1'; expected '0''的错误 ,"如果构建过程中出现了Maven 插件 pl.project13.maven:git-commit-id-plugin 执行错误，报错信息为 Unknown repository format '1'; expected '0'的错误，请参考以下步骤：
方案一：

如果你的构建实际并不依赖此功能，建议优先在对应的pom中(一般是root pom)配置跳过(或者更换合适的parent pom)，具体配置如下:
<build>

<plugins>

<plugin>

<groupId>pl.project13.maven</groupId>

<artifactId>git-commit-id-plugin</artifactId>

<configuration>

<skip>true</skip>

</configuration>

</plugin>

</plugins>

</build>

方案二：

如果你确认需要执行此插件，建议手动在对应模块的pom中(一般是root pom)维护插件的版本和执行，以兼容现有的构建环境。比如选择升级到2.2.6版本，

<build>

<plugins>

<plugin>

<groupId>pl.project13.maven</groupId>

<artifactId>git-commit-id-plugin</artifactId>

<version>2.2.6</version>

</plugin>

</plugins>

</build>","参考标题:构建报错maven  p参数找不到 参考内容: [ERROR] Error executing Maven. org.apache.commons.cli.MissingArgumentException: Missing argument for option: P 看环境配置下都觉得没问题，release文件写的也没有问题 找不到配置项 解 去 概述》变更配置 》点上支持配置项 重新提交发布 
参考标题:常见错误：-问题原因：(#X6CMa) 参考内容:问题原因： (https://stackoverflow.com/questions/76305897/maven-build-fails-after-upgrading-to-maven-source-plugin-from-3-2-1-to-3-3-0) 官方在23年5月发布了新的maven-source-plugin版本，当用户项目中没有指定具体的插件版本时，maven会自动获取最新的release版本作为默认的插件版本。 3.3.0新版本的插件新增了duplicated-check功能， (https://issues.apache.org/jira/browse/MSOURCES-121) ，当发现对相同产物进行重复的生成或覆盖操作的时，会直接使构建报错。 
参考标题:【构建】error: unmappable character for encoding (.*) 参考内容:错误信息：REG_GROUP:2:0 错误原因：文件申明的编码和实际文件编码格式不一致 解决办法： 1. 查看pom文件里面申明的编码格式是什么：source encoding或file encoding,目前构建支持的编码为utf-8或者GBK 2. 找到报错的文件，通过工具查看文件实际的编码格式： ①linux 在vim中可以直接查看文件编码 :set fileencoding 即可显示文件编码格式。 ②windows 用记事本打开，然后文件--另存为 在对话框最下面的编码那一栏就有文件对应的编码。 3.修正文件编码格式跟声明的保持一致 4. ①这种报错一般都是由于maven compiler 插件没有声明源码编码使用了操作系统默认编码导致。比如原来你本地是windows, 默认使用GBK编译能通过. 换成 生产系统编译机器默认编码是UTF-8就挂了。 ②另外一种情况是 pom compiler插件声明的是GBK,但是代码实际的格式是UTF-8 也会出现类似的问题。当然反过来也是会出现同样的类似问题 解决: ①如果本工程pom.xml 里面没有声明 maven-compiler-plugin 插件那么查看下父pom 里面是否有这个插件引入，如果有声明了不一致的编码, 那么在本工程 pom.xml 里面再重新声明 maven-compiler-plugin 覆盖掉 ②如果没有申明过 maven-compiler-plugin, 那么直接在 本工程pom.xml 里面声明,并且设置对应的源文件编码即可 
参考标题:BUILD-3006 fatal: protocol error: bad line length character: repo-现象(#wJlE1) 参考内容:现象 构建日志报错： exit status 128: fatal: protocol error: bad line length character: repo 原因 很多原因都会导致这个错误。例如：git库地址错误、无访问权限。 本例中的报错，进入相应路径， 执行git remote -v 可以看到git地址是错误的，进一步分析发现是： import了一个没有提交到git仓库的目录，例如： 相关代码: 但mag.git目录的internel/下并没有需要的内容 
参考标题:常见错误：-2: Failed to execute goal org.apache.maven.plugins:maven-jar-plugin:3.3.0:jar (default-jar) on project xxx: You have to use a classifier to attach supplemental artifacts to the project instead of replacing them. -> [Help 1](#n8JDG) 参考内容:2: Failed to execute goal org.apache.maven.plugins:maven-jar-plugin:3.3.0:jar (default-jar) on project xxx: You have to use a classifier to attach supplemental artifacts to the project instead of replacing them. -> [Help 1] 问题原因： 和问题1中 maven-source-plugin的更新非常类似。 此外，对于一些空的jar模块(比如src文件为空)，也会导致这个版本插件的报错，预期是一个缺陷。 
参考标题:Hi, I want to release my package, but got this error:\n\nFailed to execute goal pl.project13.maven:git-commit-id-plugin:2.2.1:revision (default) on project dingbot-spring-boot-starter-dto: Could not complete Mojo execution... Could not initialize repository... Unknown repository format \""1\""; expected \""0\"". -> [Help 1]\n\nDo you have any suggestion about what this error mean?\nThanks. 参考内容:以下是关于生产系统的代码平台(代码相关问题)的答疑对话内容。用户: Hi, I want to release my package, but got this error:\n\nFailed to execute goal pl.project13.maven:git-commit-id-plugin:2.2.1:revision (default) on project dingbot-spring-boot-starter-dto: Could not complete Mojo execution... Could not initialize repository... Unknown repository format \""1\""; expected \""0\"". -> [Help 1]\n\nDo you have any suggestion about what this error mean?\nThanks.。客服: 该错误消息意味着在执行Maven构建过程中，git-commit-id-plugin插件无法初始化或识别您的代码仓库格式。

此问题通常是由以下几种情况引起的：

代码仓库格式不匹配：git-commit-id-plugin插件要求使用的代码仓库格式为""0""，但您的代码仓库却使用了未知的格式""1""。这可能是由于您使用了不兼容的Git版本或其他代码仓库工具导致的。

插件版本不匹配：git-comm。用户: So does that mean it not because my branch has some code error and it can not build.
Instead it is because one internall error of git?。客服: 是的。用户: I see. Thanks. let me try it。客服: OKOK
参考标题:常见错误用户手册-3. Maven相关 参考内容:3. Maven相关 30001. 自定义maven插件错误 相关latex代码: ((22:15:41) [ERROR] Failed to execute goal xxx:xxx-plugin:x.x.x:xxx (xxx) on project xxx: xxxxxx -> [Help 1] (22:15:41) [ERROR] (22:15:41) [ERROR] To see the full stack trace of the errors, re-run Maven with the -e switch. (22:15:41) [ERROR] Re-run Maven using the -X switch to enable full debug logging. (22:15:41) [ERROR] (22:15:41) [ERROR] For more information about the errors and possible solutions, please read the following articles: (22:15:41) [ERROR] [Help 1] http://cwiki.apache.org/confluence/display/MAVEN/PluginConfigurationException (22:15:41) [ERROR] (22:15:41) [ERROR] After correcting the problems, you can resume the build with the command (22:15:41) [ERROR] mvn -rf :infrastructure-public ) 原因 - maven的插件通用错误模板，原因很多，一般是使用了不常见的第三方maven插件，其错误未收录到本文档内 解决方法 - 如果是自定义的maven插件报错，请自行检查日志，答疑人员很难解答这类问题，关于maven的插件和mojo的基础知识请阅读官方文档 - 如果是maven官方插件报错，但错误未收录在本文档中，请联系专业答疑客服。
参考标题:BUILD-0011 maven-enforcer-plugin-原因(#eYvoi) 参考内容:原因 这是用户的pom.xml中配置了这个maven enforce plugin插件，然后运行此插件时检查没通过引起报错。 在说这个插件是什么前我们先思考这么一个问题：当我们开发人员进入项目组进行开发前，要准备开发环境，而leader总是会强调工具的统一，编译环境的统一。比如要求所有开发人员使用JDK1.8进行开发。 开发人员接下来就是去下载指定版本的JDK，然后开始开发。但是如果开发人员的机器配置比较多，有好几个版本的JDK，而他虽然下载了JDK1.8，但是忘记配置环境变量，很有可能他用了JDK1.6进行的编译。 问题有了，该如何解决？ Maven Enforcer plugin就是来解决这类问题。Enforcer可以在项目validate时，对项目环境进行检查。 
参考标题:常见错误：-解决方案：参考内容:解决方案： 方案1: 回退到构建成功时使用的maven-source-plugin版本，在root pom中指定插件配置。 相关xml代码: ( org.apache.maven.plugins maven-source-plugin 3.2.1 ) 方案2: 一般是由于用了jar goal引起的(一般推荐命令行使用)，可以改成jar-no-fork，或者结合自己项目的日志分析，在日志中查找maven-source-plugin关键词，去排查为什么有重复执行的情况。 具体区别： (https://stackoverflow.com/questions/10567551/difference-between-maven-source-plugin-jar-and-jar-no-fork-goal) 
参考标题:BUILD-0059 code error or pom.xml configure error-方案二(#hGlie) 参考内容:方案二:  检查是否给maven-plugin指定了版本，如果没有，需要指定版本。不然可能因为依赖的包指定了版本导致报找不到插件的错误 ","Reasoning Process: [PART]
在回答关于如何解决Maven构建时pl.project13.maven:git-commit-id-plugin插件报'Unknown repository format '1'; expected '0''错误的问题时，我首先会从提供的Documents中寻找相关信息。
[/PART]
[PART]
[STEP]
1. **识别问题**：根据Question，我们知道问题是关于Maven构建期间遇到的git-commit-id-plugin插件错误，具体表现为“Unknown repository format '1'; expected '0'”。
[/STEP]
[STEP]
2. **查找相关文档**：
   - 发现在一个答疑对话中提到了这个特定的错误，指出这是由于插件无法初始化或识别代码仓库格式导致的。
   - 文档还提到，这可能是由于代码仓库格式不匹配或插件版本不兼容造成的。
[/STEP]
[STEP]
3. **分析解决方案**：
   - 方案一建议在pom.xml中配置插件跳过，以避免执行该插件。这适用于不需要此插件功能的情况。
   - 方案二建议手动指定插件版本，以确保与现有环境兼容。给出了升级到2.2.6版本的例子。
[/STEP]
[STEP]
4. **综合建议**：
   - 提供两种可能的解决方案，让用户根据自身需求选择合适的方法。
   - 强调了如果不需要git-commit-id-plugin的功能，可以完全禁用；如果需要，应确保插件版本与仓库格式相匹配。
[/STEP]
[/PART]
[PART]
因此，Answer是基于对问题的识别、相关文档中的错误原因分析以及提供的解决方案建议得出的。
[/PART] "
如何解决因'文件命名规范不正确'导致的Docker构建失败问题,"如果您Docker构建失败，可能是由于文件命名不规范导致的。您可以参考以下步骤查找您的dockerfile命名：

您在构建过程中遇到错误提示，表示找不到某个环境的Docker镜像时，您可以按照以下步骤来解决这个问题：

查看发布分支中的 Dockerfile 的文件命名是否符合规范。构建日志中会有一段信息显示本次构建所期望匹配的 Dockerfile 名称，在日志中找到 'search for docker file' 这句后面即是本次构建所期望匹配的 Dockerfile 名称。
在本地工程切换到发布分支代码根目录app-meta下复制已有的一份 Dockerfile，并按照构建日志中所期望找到的 Dockerfile 名称进行命名。
将新的 Dockerfile 文件推送到代码分支中，然后重新进行打包构建

注意事项： 以下为dockerfile命名查找优先级，您可以按照此优先顺序调整您的dockerfile命名：

Dockerfile_配置项英文名称_环境级别_应用名称（你的应用环境真复杂）

Dockerfile_配置项英文名称_应用名称

Dockerfile_环境级别_应用名称

Dockerfile_应用名称

Dockerfile_配置项英文名称_环境级别

Dockerfile_配置项英文名称（目前项目环境只能采用该模式）

Dockerfile_环境级别

Dockerfile（极力推荐，所有环境使用同一个dockerfile）","参考标题:dockerBuild花费很久且构建失败-问题原因(#rzHuX) 参考内容:问题原因 编译机与dockerFile指定的地址网络不通 问题解决 用户修改脚本 
参考标题:[构建] call api fail:call generateVersion error! errorCode=-1,errorMsg=No group with name {appname} 参考内容:报错现象： No group with name {appname} 原因： 解析dockerfile失败 解决方法： 一般导致此报错原因是dockerfile中： volume 上面的命令有换行符 / ， 去掉换行符重新构建即可通过，若不是 请检查其他地方是不是有不规范的换行符 
参考标题:BUILD-0069 dockerfile不规范及buildkit兼容性 参考内容: 现象 方案 在Dockerfile中FROM那一行后面加上一行： > ARG APP_NAME 然后重试build。 如看了文档，还没解决，请钉 沈陵 微波 
参考标题:BUILD-2007 FileNotFoundError xx.tgz.copyee-原因(#eYvoi) 参考内容:原因 docker.tag配置错误。通常是docker.tag的解析中结果中含有'/'导致的意外错误，例如docker.tag配置成使用分支名来命名，而分支名含有'/'则触发此意外 解决 1、检查`应用名.release`文件的docker.tag配置，如果配置成了： `docker.tag=${CODE_BRANCH}_${TIMESTAMP}` ,这里的`$CODE_BRANCH` 变量容易受分支名影响导致意外。可以使用commit id代替，使用变量:`${CODE_BRANCH_COMMIT_ID}`，即改成： `docker.tag=${CODE_BRANCH_COMMIT_ID}_${TIMESTAMP}` 2、如果上述release文件定义正确，则检查自己的自定义脚本（release文件中指向的build.command定义），是否自己的自定义脚本中对release文件做了修改？ 如下是一个用户实例，该用户在脚本中对release文件做了CODE_BRANCH替换到docker.tag，导致了此问题。
参考标题:BUILD-2002 Dockerfile_base: no such file or directory-原因(#eYvoi) 参考内容:原因 代码库中缺少对应的Dockerfile。一般发生在基础镜像构建中。 解决 1、仔细阅读日志，观察在哪个路径下缺少了哪个Dockerfile 2、在代码库中补充对应的Dockerfile 关于Dockerfile命名规范参阅
参考标题:构建报错xx环境镜像找不到，请检查dockerfile 参考内容:常见错误表现&amp;报错表现一： 常见报错： 调用外部接口失败:call generateVersion error! errorCode=100012,errorMsg=修改服务失败:xxxxx docker镜像找不到，请查看构建日志确认是否打出docker镜像，确认dockerfile编写、文件命名是否符合规范。请重试，重试后仍未成功请联系客服  查看日志：  解决方案： 在本地工程下新加一个dockerfile文件，copy一份对应环境下的dockerfile命名成生产系统期望找到的dockerfile(构建日志中搜search for docker file，这段话的信息中会有显示本此构建期望匹配的dockerfile名称)，然后上传，打包构建。 （dockerfile命名规范：） 错误表现二： 用户问题案例：部署ecs 报docker镜像找不到错误 若是发布ecs机器或非容器发布请按照这个非容器化部署文档来操作文档
参考标题:BUILD-2004  lstat .tgz: no such file or directory-现象(#wJlE1) 参考内容:现象 docker build构建日志报错： lstat .tgz: no such file or directory  原因 原因1：Dockerfile编写错误，没有定义对应的$APP_NAME值，即APP_NAME变量值为空。 原因2：对应的文件没有提交到代码库对应位置；原因3：基础镜像构建时，选错了Dockerfile，应该选择Dockerfile_base 原因4：`应用名.release`写错或者部署规则弄错，导致找不到包（参考下面的解决二） 
参考标题:BUILD-0022 Unknown instruction-现象(#wJlE1) 参考内容:现象 docker build构建日志报错： Step 5 : XXX Unknown instruction: XX； 原因 Dockerfile写错了，非法的Docker指令。例如本例中的SUDO并不是合法的Docker指令。 通常是你们 误将shell指令当做了Docker指令 ，（注：shell指令要放到RUN中执行，RUN才是合法的Docker指令） 
参考标题:dockerfile不规范导致构建失败 参考内容:错误表现一： 查看日志：解决方案： 在本地工程下新加一个dockerfile文件，copy一份对应环境下的dockerfile命名成生产系统期望找到的dockerfile，然后上传，打包构建。  （dockerfile命名规范） 错误表现二：若是发布ecs机器按照这个来：[ecs配置发布]
参考标题:dockerbuild报错：Command failed exit with (1) 参考内容: dockerbuild报错：Command failed exit with (1) 可供参考的排查问题思路: 出现此关键字说明使用dockerfile进行build过程中出现异常，并没有什么参考价值，具体错误一般在此关键字的上面几行，可以搜索 The command &x27;/bin/sh 关键字，上面几行注意观察，你会发现一些蛛丝马迹。比如常见的rpm安装失败，copy文件找不到，curl或者wget下载失败等等。 (dockerbuild常见错误与解决 docker的常见问题&amp;编译问题解决。","Reasoning Process: [PART]
在回答关于如何解决因“文件命名规范不正确”导致的Docker构建失败问题时，我首先分析了提供的Documents。
[/PART]
[PART]
[STEP]
1. **识别问题类型**：从问题描述中了解到，用户遇到了Docker构建失败的情况，怀疑是由于Dockerfile的命名不符合规定所致。
[/STEP]
[STEP]
2. **查找相关文档**：
   - 发现在多个文档中提到了Dockerfile命名的重要性，如“BUILD-2002 Dockerfile_base: no such file or directory”，“构建报错xx环境镜像找不到，请检查dockerfile”等。
   - 文档指出，如果构建日志中有“search for docker file”的信息，那么这将揭示期望的Dockerfile名字。
   - “BUILD-2004”提到的原因之一就是Dockerfile未被正确命名为系统期望的名字。
[/STEP]
[STEP]
3. **理解解决方案**：
   - 根据这些文档，解决方案是首先检查构建日志以确定期望的Dockerfile名称。
   - 然后在本地复制一份现有的Dockerfile，根据日志中提供的名字进行重命名。
   - 最后将改名后的Dockerfile推送到代码库，并重新尝试构建。
[/STEP]
[STEP]
4. **考虑命名规范**：
   - 注意到有一个文档提到了Dockerfile的命名优先级，这有助于指导用户如何规范化他们的Dockerfile名称。
   - 推荐使用简单的""Dockerfile""作为所有环境通用的名字。
[/STEP]
[STEP]
5. **综合建议**：
   - 将以上步骤整合成一个详细的解答，强调检查日志、重命名Dockerfile和遵循正确的命名规则。
[/STEP]
[/PART]
[PART]
因此，Answer是基于对Documents中提及的Dockerfile命名重要性和解决方案的理解，以及对命名优先级的建议得出的。
[/PART] "
